/*
 Navicat Premium Data Transfer

 Source Server         : MySQL
 Source Server Type    : MySQL
 Source Server Version : 80024
 Source Host           : localhost:3306
 Source Schema         : guli

 Target Server Type    : MySQL
 Target Server Version : 80024
 File Encoding         : 65001

 Date: 14/10/2022 11:20:14
*/

SET NAMES utf8mb4;
SET FOREIGN_KEY_CHECKS = 0;

-- ----------------------------
-- Table structure for acl_permission
-- ----------------------------
DROP TABLE IF EXISTS `acl_permission`;
CREATE TABLE `acl_permission`  (
  `id` char(19) CHARACTER SET utf8mb4 COLLATE utf8mb4_0900_ai_ci NOT NULL DEFAULT '' COMMENT '编号',
  `pid` char(19) CHARACTER SET utf8mb4 COLLATE utf8mb4_0900_ai_ci NOT NULL DEFAULT '' COMMENT '所属上级',
  `name` varchar(20) CHARACTER SET utf8mb4 COLLATE utf8mb4_0900_ai_ci NOT NULL DEFAULT '' COMMENT '名称',
  `type` tinyint NOT NULL DEFAULT 0 COMMENT '类型(1:菜单,2:按钮)',
  `permission_value` varchar(50) CHARACTER SET utf8mb4 COLLATE utf8mb4_0900_ai_ci NULL DEFAULT NULL COMMENT '权限值',
  `path` varchar(100) CHARACTER SET utf8mb4 COLLATE utf8mb4_0900_ai_ci NULL DEFAULT NULL COMMENT '访问路径',
  `component` varchar(100) CHARACTER SET utf8mb4 COLLATE utf8mb4_0900_ai_ci NULL DEFAULT NULL COMMENT '组件路径',
  `icon` varchar(50) CHARACTER SET utf8mb4 COLLATE utf8mb4_0900_ai_ci NULL DEFAULT NULL COMMENT '图标',
  `status` tinyint NULL DEFAULT NULL COMMENT '状态(0:禁止,1:正常)',
  `is_deleted` tinyint UNSIGNED NOT NULL DEFAULT 0 COMMENT '逻辑删除 1（true）已删除， 0（false）未删除',
  `gmt_create` datetime NULL DEFAULT NULL COMMENT '创建时间',
  `gmt_modified` datetime NULL DEFAULT NULL COMMENT '更新时间',
  PRIMARY KEY (`id`) USING BTREE,
  INDEX `idx_pid`(`pid` ASC) USING BTREE
) ENGINE = InnoDB CHARACTER SET = utf8mb4 COLLATE = utf8mb4_0900_ai_ci COMMENT = '权限' ROW_FORMAT = Dynamic;

-- ----------------------------
-- Records of acl_permission
-- ----------------------------
INSERT INTO `acl_permission` VALUES ('1', '0', '全部数据', 0, '', '', '', '', NULL, 0, '2019-11-15 17:13:06', '2019-11-15 17:13:06');
INSERT INTO `acl_permission` VALUES ('111', '11', '', 0, NULL, NULL, NULL, NULL, NULL, 0, NULL, NULL);
INSERT INTO `acl_permission` VALUES ('1111', '111', '', 0, NULL, NULL, NULL, NULL, NULL, 0, NULL, NULL);
INSERT INTO `acl_permission` VALUES ('11111', '1111', '', 0, NULL, NULL, NULL, NULL, NULL, 0, NULL, NULL);
INSERT INTO `acl_permission` VALUES ('1195268474480156673', '1', '权限管理', 1, NULL, '/acl', 'Layout', NULL, NULL, 0, '2019-11-15 17:13:06', '2019-11-18 13:54:25');
INSERT INTO `acl_permission` VALUES ('1195268616021139457', '1195268474480156673', '用户管理', 1, NULL, 'user/list', '/acl/user/list', NULL, NULL, 0, '2019-11-15 17:13:40', '2019-11-18 13:53:12');
INSERT INTO `acl_permission` VALUES ('1195268788138598401', '1195268474480156673', '角色管理', 1, NULL, 'role/list', '/acl/role/list', NULL, NULL, 0, '2019-11-15 17:14:21', '2019-11-15 17:14:21');
INSERT INTO `acl_permission` VALUES ('1195268893830864898', '1195268474480156673', '菜单管理', 1, NULL, 'menu/list', '/acl/menu/list', NULL, NULL, 0, '2019-11-15 17:14:46', '2019-11-15 17:14:46');
INSERT INTO `acl_permission` VALUES ('1195269143060602882', '1195268616021139457', '查看', 2, 'user.list', '', '', NULL, NULL, 0, '2019-11-15 17:15:45', '2019-11-17 21:57:16');
INSERT INTO `acl_permission` VALUES ('1195269295926206466', '1195268616021139457', '添加', 2, 'user.add', 'user/add', '/acl/user/form', NULL, NULL, 0, '2019-11-15 17:16:22', '2019-11-15 17:16:22');
INSERT INTO `acl_permission` VALUES ('1195269473479483394', '1195268616021139457', '修改', 2, 'user.update', 'user/update/:id', '/acl/user/form', NULL, NULL, 0, '2019-11-15 17:17:04', '2019-11-15 17:17:04');
INSERT INTO `acl_permission` VALUES ('1195269547269873666', '1195268616021139457', '删除', 2, 'user.remove', '', '', NULL, NULL, 0, '2019-11-15 17:17:22', '2019-11-15 17:17:22');
INSERT INTO `acl_permission` VALUES ('1195269821262782465', '1195268788138598401', '修改', 2, 'role.update', 'role/update/:id', '/acl/role/form', NULL, NULL, 0, '2019-11-15 17:18:27', '2019-11-15 17:19:53');
INSERT INTO `acl_permission` VALUES ('1195269903542444034', '1195268788138598401', '查看', 2, 'role.list', '', '', NULL, NULL, 0, '2019-11-15 17:18:47', '2019-11-15 17:18:47');
INSERT INTO `acl_permission` VALUES ('1195270037005197313', '1195268788138598401', '添加', 2, 'role.add', 'role/add', '/acl/role/form', NULL, NULL, 0, '2019-11-15 17:19:19', '2019-11-18 11:05:42');
INSERT INTO `acl_permission` VALUES ('1195270442602782721', '1195268788138598401', '删除', 2, 'role.remove', '', '', NULL, NULL, 0, '2019-11-15 17:20:55', '2019-11-15 17:20:55');
INSERT INTO `acl_permission` VALUES ('1195270621548568578', '1195268788138598401', '角色权限', 2, 'role.acl', 'role/distribution/:id', '/acl/role/roleForm', NULL, NULL, 0, '2019-11-15 17:21:38', '2019-11-15 17:21:38');
INSERT INTO `acl_permission` VALUES ('1195270744097742849', '1195268893830864898', '查看', 2, 'permission.list', '', '', NULL, NULL, 0, '2019-11-15 17:22:07', '2019-11-15 17:22:07');
INSERT INTO `acl_permission` VALUES ('1195270810560684034', '1195268893830864898', '添加', 2, 'permission.add', '', '', NULL, NULL, 0, '2019-11-15 17:22:23', '2019-11-15 17:22:23');
INSERT INTO `acl_permission` VALUES ('1195270862100291586', '1195268893830864898', '修改', 2, 'permission.update', '', '', NULL, NULL, 0, '2019-11-15 17:22:35', '2019-11-15 17:22:35');
INSERT INTO `acl_permission` VALUES ('1195270887933009922', '1195268893830864898', '删除', 2, 'permission.remove', '', '', NULL, NULL, 0, '2019-11-15 17:22:41', '2019-11-15 17:22:41');
INSERT INTO `acl_permission` VALUES ('1195349439240048642', '1', '讲师管理', 1, '', '/teacher', 'Layout', NULL, NULL, 0, '2019-11-15 22:34:49', '2019-11-15 22:34:49');
INSERT INTO `acl_permission` VALUES ('1195349699995734017', '1195349439240048642', '讲师列表', 1, NULL, 'table', '/edu/teacher/list', NULL, NULL, 0, '2019-11-15 22:35:52', '2019-11-15 22:35:52');
INSERT INTO `acl_permission` VALUES ('1195349810561781761', '1195349439240048642', '添加讲师', 1, NULL, 'save', '/edu/teacher/save', NULL, NULL, 0, '2019-11-15 22:36:18', '2019-11-15 22:36:18');
INSERT INTO `acl_permission` VALUES ('1195349876252971010', '1195349810561781761', '添加', 2, 'teacher.add', '', '', NULL, NULL, 0, '2019-11-15 22:36:34', '2019-11-15 22:36:34');
INSERT INTO `acl_permission` VALUES ('1195349979797753857', '1195349699995734017', '查看', 2, 'teacher.list', '', '', NULL, NULL, 0, '2019-11-15 22:36:58', '2019-11-15 22:36:58');
INSERT INTO `acl_permission` VALUES ('1195350117270261762', '1195349699995734017', '修改', 2, 'teacher.update', 'edit/:id', '/edu/teacher/save', NULL, NULL, 0, '2019-11-15 22:37:31', '2019-11-15 22:37:31');
INSERT INTO `acl_permission` VALUES ('1195350188359520258', '1195349699995734017', '删除', 2, 'teacher.remove', '', '', NULL, NULL, 0, '2019-11-15 22:37:48', '2019-11-15 22:37:48');
INSERT INTO `acl_permission` VALUES ('1195350299365969922', '1', '课程分类', 1, NULL, '/subject', 'Layout', NULL, NULL, 0, '2019-11-15 22:38:15', '2019-11-15 22:38:15');
INSERT INTO `acl_permission` VALUES ('1195350397751758850', '1195350299365969922', '课程分类列表', 1, NULL, 'list', '/edu/subject/list', NULL, NULL, 0, '2019-11-15 22:38:38', '2019-11-15 22:38:38');
INSERT INTO `acl_permission` VALUES ('1195350500512206850', '1195350299365969922', '导入课程分类', 1, NULL, 'save', '/edu/subject/save', NULL, NULL, 0, '2019-11-15 22:39:03', '2019-11-15 22:39:03');
INSERT INTO `acl_permission` VALUES ('1195350612172967938', '1195350397751758850', '查看', 2, 'subject.list', '', '', NULL, NULL, 0, '2019-11-15 22:39:29', '2019-11-15 22:39:29');
INSERT INTO `acl_permission` VALUES ('1195350687590748161', '1195350500512206850', '导入', 2, 'subject.import', '', '', NULL, NULL, 0, '2019-11-15 22:39:47', '2019-11-15 22:39:47');
INSERT INTO `acl_permission` VALUES ('1195350831744782337', '1', '课程管理', 1, NULL, '/course', 'Layout', NULL, NULL, 0, '2019-11-15 22:40:21', '2019-11-15 22:40:21');
INSERT INTO `acl_permission` VALUES ('1195350919074385921', '1195350831744782337', '课程列表', 1, NULL, 'list', '/edu/course/list', NULL, NULL, 0, '2019-11-15 22:40:42', '2019-11-15 22:40:42');
INSERT INTO `acl_permission` VALUES ('1195351020463296513', '1195350831744782337', '发布课程', 1, NULL, 'info', '/edu/course/info', NULL, NULL, 0, '2019-11-15 22:41:06', '2019-11-15 22:41:06');
INSERT INTO `acl_permission` VALUES ('1195351159672246274', '1195350919074385921', '完成发布', 2, 'course.publish', 'publish/:id', '/edu/course/publish', NULL, NULL, 0, '2019-11-15 22:41:40', '2019-11-15 22:44:01');
INSERT INTO `acl_permission` VALUES ('1195351326706208770', '1195350919074385921', '编辑课程', 2, 'course.update', 'info/:id', '/edu/course/info', NULL, NULL, 0, '2019-11-15 22:42:19', '2019-11-15 22:42:19');
INSERT INTO `acl_permission` VALUES ('1195351566221938690', '1195350919074385921', '编辑课程大纲', 2, 'chapter.update', 'chapter/:id', '/edu/course/chapter', NULL, NULL, 0, '2019-11-15 22:43:17', '2019-11-15 22:43:17');
INSERT INTO `acl_permission` VALUES ('1195351862889254913', '1', '统计分析', 1, NULL, '/sta', 'Layout', NULL, NULL, 0, '2019-11-15 22:44:27', '2019-11-15 22:44:27');
INSERT INTO `acl_permission` VALUES ('1195351968841568257', '1195351862889254913', '生成统计', 1, NULL, 'create', '/sta/create', NULL, NULL, 0, '2019-11-15 22:44:53', '2019-11-15 22:44:53');
INSERT INTO `acl_permission` VALUES ('1195352054917074946', '1195351862889254913', '统计图表', 1, NULL, 'show', '/sta/show', NULL, NULL, 0, '2019-11-15 22:45:13', '2019-11-15 22:45:13');
INSERT INTO `acl_permission` VALUES ('1195352127734386690', '1195352054917074946', '查看', 2, 'daily.list', '', '', NULL, NULL, 0, '2019-11-15 22:45:30', '2019-11-15 22:45:30');
INSERT INTO `acl_permission` VALUES ('1195352215768633346', '1195351968841568257', '生成', 2, 'daily.add', '', '', NULL, NULL, 0, '2019-11-15 22:45:51', '2019-11-15 22:45:51');
INSERT INTO `acl_permission` VALUES ('1195352547621965825', '1', 'CMS管理', 1, NULL, '/cms', 'Layout', NULL, NULL, 0, '2019-11-15 22:47:11', '2019-11-18 10:51:46');
INSERT INTO `acl_permission` VALUES ('1195352856645701633', '1195353513549205505', '查看', 2, 'banner.list', '', NULL, NULL, NULL, 0, '2019-11-15 22:48:24', '2019-11-15 22:48:24');
INSERT INTO `acl_permission` VALUES ('1195352909401657346', '1195353513549205505', '添加', 2, 'banner.add', 'banner/add', '/cms/banner/form', NULL, NULL, 0, '2019-11-15 22:48:37', '2019-11-18 10:52:10');
INSERT INTO `acl_permission` VALUES ('1195353051395624961', '1195353513549205505', '修改', 2, 'banner.update', 'banner/update/:id', '/cms/banner/form', NULL, NULL, 0, '2019-11-15 22:49:11', '2019-11-18 10:52:05');
INSERT INTO `acl_permission` VALUES ('1195353513549205505', '1195352547621965825', 'Bander列表', 1, NULL, 'banner/list', '/cms/banner/list', NULL, NULL, 0, '2019-11-15 22:51:01', '2019-11-18 10:51:29');
INSERT INTO `acl_permission` VALUES ('1195353672110673921', '1195353513549205505', '删除', 2, 'banner.remove', '', '', NULL, NULL, 0, '2019-11-15 22:51:39', '2019-11-15 22:51:39');
INSERT INTO `acl_permission` VALUES ('1195354076890370050', '1', '订单管理', 1, NULL, '/order', 'Layout', NULL, NULL, 0, '2019-11-15 22:53:15', '2019-11-15 22:53:15');
INSERT INTO `acl_permission` VALUES ('1195354153482555393', '1195354076890370050', '订单列表', 1, NULL, 'list', '/order/list', NULL, NULL, 0, '2019-11-15 22:53:33', '2019-11-15 22:53:58');
INSERT INTO `acl_permission` VALUES ('1195354315093282817', '1195354153482555393', '查看', 2, 'order.list', '', '', NULL, NULL, 0, '2019-11-15 22:54:12', '2019-11-15 22:54:12');
INSERT INTO `acl_permission` VALUES ('1196301740985311234', '1195268616021139457', '分配角色', 2, 'user.assgin', 'user/role/:id', '/acl/user/roleForm', NULL, NULL, 0, '2019-11-18 13:38:56', '2019-11-18 13:38:56');

-- ----------------------------
-- Table structure for acl_role
-- ----------------------------
DROP TABLE IF EXISTS `acl_role`;
CREATE TABLE `acl_role`  (
  `id` char(19) CHARACTER SET utf8 COLLATE utf8_general_ci NOT NULL DEFAULT '' COMMENT '角色id',
  `role_name` varchar(20) CHARACTER SET utf8 COLLATE utf8_general_ci NOT NULL DEFAULT '' COMMENT '角色名称',
  `role_code` varchar(20) CHARACTER SET utf8 COLLATE utf8_general_ci NULL DEFAULT NULL COMMENT '角色编码',
  `remark` varchar(255) CHARACTER SET utf8 COLLATE utf8_general_ci NULL DEFAULT NULL COMMENT '备注',
  `is_deleted` tinyint UNSIGNED NOT NULL DEFAULT 0 COMMENT '逻辑删除 1（true）已删除， 0（false）未删除',
  `gmt_create` datetime NOT NULL COMMENT '创建时间',
  `gmt_modified` datetime NOT NULL COMMENT '更新时间',
  PRIMARY KEY (`id`) USING BTREE
) ENGINE = InnoDB CHARACTER SET = utf8 COLLATE = utf8_general_ci ROW_FORMAT = Dynamic;

-- ----------------------------
-- Records of acl_role
-- ----------------------------
INSERT INTO `acl_role` VALUES ('1', '超级管理员', NULL, NULL, 0, '2019-11-11 13:09:32', '2020-08-21 11:59:37');
INSERT INTO `acl_role` VALUES ('1193757683205607426', '课程管理员', NULL, NULL, 0, '2019-11-11 13:09:45', '2019-11-18 10:25:44');
INSERT INTO `acl_role` VALUES ('1296656642959503361', '讲师管理员', NULL, NULL, 0, '2020-08-21 11:53:29', '2020-08-21 11:59:51');
INSERT INTO `acl_role` VALUES ('1296658571068469249', '普通管理员', NULL, NULL, 0, '2020-08-21 12:01:09', '2020-08-21 12:01:09');

-- ----------------------------
-- Table structure for acl_role_permission
-- ----------------------------
DROP TABLE IF EXISTS `acl_role_permission`;
CREATE TABLE `acl_role_permission`  (
  `id` char(19) CHARACTER SET utf8 COLLATE utf8_general_ci NOT NULL DEFAULT '',
  `role_id` char(19) CHARACTER SET utf8 COLLATE utf8_general_ci NOT NULL DEFAULT '',
  `permission_id` char(19) CHARACTER SET utf8 COLLATE utf8_general_ci NOT NULL DEFAULT '',
  `is_deleted` tinyint UNSIGNED NOT NULL DEFAULT 0 COMMENT '逻辑删除 1（true）已删除， 0（false）未删除',
  `gmt_create` datetime NOT NULL COMMENT '创建时间',
  `gmt_modified` datetime NOT NULL COMMENT '更新时间',
  PRIMARY KEY (`id`) USING BTREE,
  INDEX `idx_role_id`(`role_id` ASC) USING BTREE,
  INDEX `idx_permission_id`(`permission_id` ASC) USING BTREE
) ENGINE = InnoDB CHARACTER SET = utf8 COLLATE = utf8_general_ci COMMENT = '角色权限' ROW_FORMAT = Dynamic;

-- ----------------------------
-- Records of acl_role_permission
-- ----------------------------
INSERT INTO `acl_role_permission` VALUES ('1196312702601695234', '1', '1', 0, '2019-11-18 14:22:29', '2019-11-18 14:22:29');
INSERT INTO `acl_role_permission` VALUES ('1196312702652026881', '1', '1195268474480156673', 0, '2019-11-18 14:22:29', '2019-11-18 14:22:29');
INSERT INTO `acl_role_permission` VALUES ('1196312702668804098', '1', '1195268616021139457', 0, '2019-11-18 14:22:29', '2019-11-18 14:22:29');
INSERT INTO `acl_role_permission` VALUES ('1196312702698164226', '1', '1195269143060602882', 0, '2019-11-18 14:22:29', '2019-11-18 14:22:29');
INSERT INTO `acl_role_permission` VALUES ('1196312702723330049', '1', '1195269295926206466', 0, '2019-11-18 14:22:29', '2019-11-18 14:22:29');
INSERT INTO `acl_role_permission` VALUES ('1196312702744301569', '1', '1195269473479483394', 0, '2019-11-18 14:22:29', '2019-11-18 14:22:29');
INSERT INTO `acl_role_permission` VALUES ('1196312702765273089', '1', '1195269547269873666', 0, '2019-11-18 14:22:29', '2019-11-18 14:22:29');
INSERT INTO `acl_role_permission` VALUES ('1196312702790438913', '1', '1196301740985311234', 0, '2019-11-18 14:22:29', '2019-11-18 14:22:29');
INSERT INTO `acl_role_permission` VALUES ('1196312702945628161', '1', '1195268788138598401', 0, '2019-11-18 14:22:29', '2019-11-18 14:22:29');
INSERT INTO `acl_role_permission` VALUES ('1196312702970793985', '1', '1195269821262782465', 0, '2019-11-18 14:22:29', '2019-11-18 14:22:29');
INSERT INTO `acl_role_permission` VALUES ('1196312703000154114', '1', '1195269903542444034', 0, '2019-11-18 14:22:29', '2019-11-18 14:22:29');
INSERT INTO `acl_role_permission` VALUES ('1196312703025319938', '1', '1195270037005197313', 0, '2019-11-18 14:22:29', '2019-11-18 14:22:29');
INSERT INTO `acl_role_permission` VALUES ('1196312703046291458', '1', '1195270442602782721', 0, '2019-11-18 14:22:29', '2019-11-18 14:22:29');
INSERT INTO `acl_role_permission` VALUES ('1196312703063068673', '1', '1195270621548568578', 0, '2019-11-18 14:22:29', '2019-11-18 14:22:29');
INSERT INTO `acl_role_permission` VALUES ('1196312703084040193', '1', '1195268893830864898', 0, '2019-11-18 14:22:29', '2019-11-18 14:22:29');
INSERT INTO `acl_role_permission` VALUES ('1196312703113400321', '1', '1195270744097742849', 0, '2019-11-18 14:22:29', '2019-11-18 14:22:29');
INSERT INTO `acl_role_permission` VALUES ('1196312703134371842', '1', '1195270810560684034', 0, '2019-11-18 14:22:30', '2019-11-18 14:22:30');
INSERT INTO `acl_role_permission` VALUES ('1196312703159537665', '1', '1195270862100291586', 0, '2019-11-18 14:22:30', '2019-11-18 14:22:30');
INSERT INTO `acl_role_permission` VALUES ('1196312703184703490', '1', '1195270887933009922', 0, '2019-11-18 14:22:30', '2019-11-18 14:22:30');
INSERT INTO `acl_role_permission` VALUES ('1196312703209869313', '1', '1195349439240048642', 0, '2019-11-18 14:22:30', '2019-11-18 14:22:30');
INSERT INTO `acl_role_permission` VALUES ('1196312703230840834', '1', '1195349699995734017', 0, '2019-11-18 14:22:30', '2019-11-18 14:22:30');
INSERT INTO `acl_role_permission` VALUES ('1196312703251812354', '1', '1195349979797753857', 0, '2019-11-18 14:22:30', '2019-11-18 14:22:30');
INSERT INTO `acl_role_permission` VALUES ('1196312703272783873', '1', '1195350117270261762', 0, '2019-11-18 14:22:30', '2019-11-18 14:22:30');
INSERT INTO `acl_role_permission` VALUES ('1196312703293755394', '1', '1195350188359520258', 0, '2019-11-18 14:22:30', '2019-11-18 14:22:30');
INSERT INTO `acl_role_permission` VALUES ('1196312703327309826', '1', '1195349810561781761', 0, '2019-11-18 14:22:30', '2019-11-18 14:22:30');
INSERT INTO `acl_role_permission` VALUES ('1196312703348281345', '1', '1195349876252971010', 0, '2019-11-18 14:22:30', '2019-11-18 14:22:30');
INSERT INTO `acl_role_permission` VALUES ('1196312703365058561', '1', '1195350299365969922', 0, '2019-11-18 14:22:30', '2019-11-18 14:22:30');
INSERT INTO `acl_role_permission` VALUES ('1196312703386030082', '1', '1195350397751758850', 0, '2019-11-18 14:22:30', '2019-11-18 14:22:30');
INSERT INTO `acl_role_permission` VALUES ('1196312703440556034', '1', '1195350612172967938', 0, '2019-11-18 14:22:30', '2019-11-18 14:22:30');
INSERT INTO `acl_role_permission` VALUES ('1196312703486693378', '1', '1195350500512206850', 0, '2019-11-18 14:22:30', '2019-11-18 14:22:30');
INSERT INTO `acl_role_permission` VALUES ('1196312703511859202', '1', '1195350687590748161', 0, '2019-11-18 14:22:30', '2019-11-18 14:22:30');
INSERT INTO `acl_role_permission` VALUES ('1196312703654465537', '1', '1195350831744782337', 0, '2019-11-18 14:22:30', '2019-11-18 14:22:30');
INSERT INTO `acl_role_permission` VALUES ('1196312703683825665', '1', '1195350919074385921', 0, '2019-11-18 14:22:30', '2019-11-18 14:22:30');
INSERT INTO `acl_role_permission` VALUES ('1196312703700602882', '1', '1195351159672246274', 0, '2019-11-18 14:22:30', '2019-11-18 14:22:30');
INSERT INTO `acl_role_permission` VALUES ('1196312703717380098', '1', '1195351326706208770', 0, '2019-11-18 14:22:30', '2019-11-18 14:22:30');
INSERT INTO `acl_role_permission` VALUES ('1196312703738351618', '1', '1195351566221938690', 0, '2019-11-18 14:22:30', '2019-11-18 14:22:30');
INSERT INTO `acl_role_permission` VALUES ('1196312703759323137', '1', '1195351020463296513', 0, '2019-11-18 14:22:30', '2019-11-18 14:22:30');
INSERT INTO `acl_role_permission` VALUES ('1196312703776100353', '1', '1195351862889254913', 0, '2019-11-18 14:22:30', '2019-11-18 14:22:30');
INSERT INTO `acl_role_permission` VALUES ('1196312703792877570', '1', '1195351968841568257', 0, '2019-11-18 14:22:30', '2019-11-18 14:22:30');
INSERT INTO `acl_role_permission` VALUES ('1196312703830626305', '1', '1195352215768633346', 0, '2019-11-18 14:22:30', '2019-11-18 14:22:30');
INSERT INTO `acl_role_permission` VALUES ('1196312703843209217', '1', '1195352054917074946', 0, '2019-11-18 14:22:30', '2019-11-18 14:22:30');
INSERT INTO `acl_role_permission` VALUES ('1196312703868375041', '1', '1195352127734386690', 0, '2019-11-18 14:22:30', '2019-11-18 14:22:30');
INSERT INTO `acl_role_permission` VALUES ('1196312703889346561', '1', '1195352547621965825', 0, '2019-11-18 14:22:30', '2019-11-18 14:22:30');
INSERT INTO `acl_role_permission` VALUES ('1196312703901929473', '1', '1195353513549205505', 0, '2019-11-18 14:22:30', '2019-11-18 14:22:30');
INSERT INTO `acl_role_permission` VALUES ('1196312703918706689', '1', '1195352856645701633', 0, '2019-11-18 14:22:30', '2019-11-18 14:22:30');
INSERT INTO `acl_role_permission` VALUES ('1196312703952261121', '1', '1195352909401657346', 0, '2019-11-18 14:22:30', '2019-11-18 14:22:30');
INSERT INTO `acl_role_permission` VALUES ('1196312703973232642', '1', '1195353051395624961', 0, '2019-11-18 14:22:30', '2019-11-18 14:22:30');
INSERT INTO `acl_role_permission` VALUES ('1196312703990009857', '1', '1195353672110673921', 0, '2019-11-18 14:22:30', '2019-11-18 14:22:30');
INSERT INTO `acl_role_permission` VALUES ('1196312704048730114', '1', '1195354076890370050', 0, '2019-11-18 14:22:30', '2019-11-18 14:22:30');
INSERT INTO `acl_role_permission` VALUES ('1196312704069701633', '1', '1195354153482555393', 0, '2019-11-18 14:22:30', '2019-11-18 14:22:30');
INSERT INTO `acl_role_permission` VALUES ('1196312704094867457', '1', '1195354315093282817', 0, '2019-11-18 14:22:30', '2019-11-18 14:22:30');
INSERT INTO `acl_role_permission` VALUES ('1296342198312292353', '1296341621322825729', '1195268474480156673', 0, '2020-08-20 15:04:00', '2020-08-20 15:04:00');
INSERT INTO `acl_role_permission` VALUES ('1296342198333263873', '1296341621322825729', '1195268616021139457', 0, '2020-08-20 15:04:00', '2020-08-20 15:04:00');
INSERT INTO `acl_role_permission` VALUES ('1296342198333263874', '1296341621322825729', '1195269143060602882', 0, '2020-08-20 15:04:00', '2020-08-20 15:04:00');
INSERT INTO `acl_role_permission` VALUES ('1296342198333263875', '1296341621322825729', '1195269295926206466', 0, '2020-08-20 15:04:00', '2020-08-20 15:04:00');
INSERT INTO `acl_role_permission` VALUES ('1296342198341652482', '1296341621322825729', '1195269473479483394', 0, '2020-08-20 15:04:00', '2020-08-20 15:04:00');
INSERT INTO `acl_role_permission` VALUES ('1296342198341652483', '1296341621322825729', '1195269547269873666', 0, '2020-08-20 15:04:00', '2020-08-20 15:04:00');
INSERT INTO `acl_role_permission` VALUES ('1296342198341652484', '1296341621322825729', '1196301740985311234', 0, '2020-08-20 15:04:00', '2020-08-20 15:04:00');
INSERT INTO `acl_role_permission` VALUES ('1296342198341652485', '1296341621322825729', '1195268788138598401', 0, '2020-08-20 15:04:00', '2020-08-20 15:04:00');
INSERT INTO `acl_role_permission` VALUES ('1296342198350041090', '1296341621322825729', '1195269821262782465', 0, '2020-08-20 15:04:00', '2020-08-20 15:04:00');
INSERT INTO `acl_role_permission` VALUES ('1296342198350041091', '1296341621322825729', '1195269903542444034', 0, '2020-08-20 15:04:00', '2020-08-20 15:04:00');
INSERT INTO `acl_role_permission` VALUES ('1296342198354235393', '1296341621322825729', '1195270037005197313', 0, '2020-08-20 15:04:00', '2020-08-20 15:04:00');
INSERT INTO `acl_role_permission` VALUES ('1296342198354235394', '1296341621322825729', '1195270442602782721', 0, '2020-08-20 15:04:00', '2020-08-20 15:04:00');
INSERT INTO `acl_role_permission` VALUES ('1296342198358429698', '1296341621322825729', '1195270621548568578', 0, '2020-08-20 15:04:00', '2020-08-20 15:04:00');
INSERT INTO `acl_role_permission` VALUES ('1296342198358429699', '1296341621322825729', '1195268893830864898', 0, '2020-08-20 15:04:00', '2020-08-20 15:04:00');
INSERT INTO `acl_role_permission` VALUES ('1296342198358429700', '1296341621322825729', '1195270744097742849', 0, '2020-08-20 15:04:00', '2020-08-20 15:04:00');
INSERT INTO `acl_role_permission` VALUES ('1296342198358429701', '1296341621322825729', '1195270810560684034', 0, '2020-08-20 15:04:00', '2020-08-20 15:04:00');
INSERT INTO `acl_role_permission` VALUES ('1296342198366818305', '1296341621322825729', '1195270862100291586', 0, '2020-08-20 15:04:00', '2020-08-20 15:04:00');
INSERT INTO `acl_role_permission` VALUES ('1296342198366818306', '1296341621322825729', '1195270887933009922', 0, '2020-08-20 15:04:00', '2020-08-20 15:04:00');
INSERT INTO `acl_role_permission` VALUES ('1296656752510529537', '1296656642959503361', '1195350299365969922', 0, '2020-08-21 11:53:55', '2020-08-21 11:53:55');
INSERT INTO `acl_role_permission` VALUES ('1296656752523112449', '1296656642959503361', '1195350397751758850', 0, '2020-08-21 11:53:55', '2020-08-21 11:53:55');
INSERT INTO `acl_role_permission` VALUES ('1296656752523112450', '1296656642959503361', '1195350612172967938', 0, '2020-08-21 11:53:55', '2020-08-21 11:53:55');
INSERT INTO `acl_role_permission` VALUES ('1296656752523112451', '1296656642959503361', '1195350500512206850', 0, '2020-08-21 11:53:55', '2020-08-21 11:53:55');
INSERT INTO `acl_role_permission` VALUES ('1296656752527306754', '1296656642959503361', '1195350687590748161', 0, '2020-08-21 11:53:55', '2020-08-21 11:53:55');
INSERT INTO `acl_role_permission` VALUES ('1296656752527306755', '1296656642959503361', '1195350831744782337', 0, '2020-08-21 11:53:55', '2020-08-21 11:53:55');
INSERT INTO `acl_role_permission` VALUES ('1296656752527306756', '1296656642959503361', '1195350919074385921', 0, '2020-08-21 11:53:55', '2020-08-21 11:53:55');
INSERT INTO `acl_role_permission` VALUES ('1296656752531501058', '1296656642959503361', '1195351159672246274', 0, '2020-08-21 11:53:55', '2020-08-21 11:53:55');
INSERT INTO `acl_role_permission` VALUES ('1296656752535695362', '1296656642959503361', '1195351326706208770', 0, '2020-08-21 11:53:55', '2020-08-21 11:53:55');
INSERT INTO `acl_role_permission` VALUES ('1296656752535695363', '1296656642959503361', '1195351566221938690', 0, '2020-08-21 11:53:55', '2020-08-21 11:53:55');
INSERT INTO `acl_role_permission` VALUES ('1296656752535695364', '1296656642959503361', '1195351020463296513', 0, '2020-08-21 11:53:55', '2020-08-21 11:53:55');
INSERT INTO `acl_role_permission` VALUES ('1296658379854344194', '1193757683205607426', '1195350831744782337', 0, '2020-08-21 12:00:23', '2020-08-21 12:00:23');
INSERT INTO `acl_role_permission` VALUES ('1296658379862732801', '1193757683205607426', '1195350919074385921', 0, '2020-08-21 12:00:23', '2020-08-21 12:00:23');
INSERT INTO `acl_role_permission` VALUES ('1296658379862732802', '1193757683205607426', '1195351159672246274', 0, '2020-08-21 12:00:23', '2020-08-21 12:00:23');
INSERT INTO `acl_role_permission` VALUES ('1296658379862732803', '1193757683205607426', '1195351326706208770', 0, '2020-08-21 12:00:23', '2020-08-21 12:00:23');
INSERT INTO `acl_role_permission` VALUES ('1296658379866927106', '1193757683205607426', '1195351566221938690', 0, '2020-08-21 12:00:23', '2020-08-21 12:00:23');
INSERT INTO `acl_role_permission` VALUES ('1296658379871121410', '1193757683205607426', '1195351020463296513', 0, '2020-08-21 12:00:23', '2020-08-21 12:00:23');
INSERT INTO `acl_role_permission` VALUES ('1296658628543016962', '1296658571068469249', '1195349439240048642', 0, '2020-08-21 12:01:22', '2020-08-21 12:01:22');
INSERT INTO `acl_role_permission` VALUES ('1296658628547211266', '1296658571068469249', '1195349699995734017', 0, '2020-08-21 12:01:22', '2020-08-21 12:01:22');
INSERT INTO `acl_role_permission` VALUES ('1296658628547211267', '1296658571068469249', '1195349979797753857', 0, '2020-08-21 12:01:22', '2020-08-21 12:01:22');
INSERT INTO `acl_role_permission` VALUES ('1296658628547211268', '1296658571068469249', '1195350117270261762', 0, '2020-08-21 12:01:22', '2020-08-21 12:01:22');
INSERT INTO `acl_role_permission` VALUES ('1296658628551405570', '1296658571068469249', '1195350188359520258', 0, '2020-08-21 12:01:22', '2020-08-21 12:01:22');
INSERT INTO `acl_role_permission` VALUES ('1296658628551405571', '1296658571068469249', '1195349810561781761', 0, '2020-08-21 12:01:22', '2020-08-21 12:01:22');
INSERT INTO `acl_role_permission` VALUES ('1296658628551405572', '1296658571068469249', '1195349876252971010', 0, '2020-08-21 12:01:22', '2020-08-21 12:01:22');
INSERT INTO `acl_role_permission` VALUES ('1296658628551405573', '1296658571068469249', '1195350299365969922', 0, '2020-08-21 12:01:22', '2020-08-21 12:01:22');
INSERT INTO `acl_role_permission` VALUES ('1296658628551405574', '1296658571068469249', '1195350397751758850', 0, '2020-08-21 12:01:22', '2020-08-21 12:01:22');
INSERT INTO `acl_role_permission` VALUES ('1296658628551405575', '1296658571068469249', '1195350612172967938', 0, '2020-08-21 12:01:22', '2020-08-21 12:01:22');
INSERT INTO `acl_role_permission` VALUES ('1296658628551405576', '1296658571068469249', '1195350500512206850', 0, '2020-08-21 12:01:22', '2020-08-21 12:01:22');
INSERT INTO `acl_role_permission` VALUES ('1296658628551405577', '1296658571068469249', '1195350687590748161', 0, '2020-08-21 12:01:22', '2020-08-21 12:01:22');
INSERT INTO `acl_role_permission` VALUES ('1296658628551405578', '1296658571068469249', '1195350831744782337', 0, '2020-08-21 12:01:22', '2020-08-21 12:01:22');
INSERT INTO `acl_role_permission` VALUES ('1296658628551405579', '1296658571068469249', '1195350919074385921', 0, '2020-08-21 12:01:22', '2020-08-21 12:01:22');
INSERT INTO `acl_role_permission` VALUES ('1296658628551405580', '1296658571068469249', '1195351159672246274', 0, '2020-08-21 12:01:22', '2020-08-21 12:01:22');
INSERT INTO `acl_role_permission` VALUES ('1296658628551405581', '1296658571068469249', '1195351326706208770', 0, '2020-08-21 12:01:22', '2020-08-21 12:01:22');
INSERT INTO `acl_role_permission` VALUES ('1296658628551405582', '1296658571068469249', '1195351566221938690', 0, '2020-08-21 12:01:22', '2020-08-21 12:01:22');
INSERT INTO `acl_role_permission` VALUES ('1296658628551405583', '1296658571068469249', '1195351020463296513', 0, '2020-08-21 12:01:22', '2020-08-21 12:01:22');
INSERT INTO `acl_role_permission` VALUES ('1296658628551405584', '1296658571068469249', '1195351862889254913', 0, '2020-08-21 12:01:22', '2020-08-21 12:01:22');
INSERT INTO `acl_role_permission` VALUES ('1296658628551405585', '1296658571068469249', '1195351968841568257', 0, '2020-08-21 12:01:22', '2020-08-21 12:01:22');
INSERT INTO `acl_role_permission` VALUES ('1296658628551405586', '1296658571068469249', '1195352215768633346', 0, '2020-08-21 12:01:22', '2020-08-21 12:01:22');
INSERT INTO `acl_role_permission` VALUES ('1296658628551405587', '1296658571068469249', '1195352054917074946', 0, '2020-08-21 12:01:22', '2020-08-21 12:01:22');
INSERT INTO `acl_role_permission` VALUES ('1296658628551405588', '1296658571068469249', '1195352127734386690', 0, '2020-08-21 12:01:22', '2020-08-21 12:01:22');
INSERT INTO `acl_role_permission` VALUES ('1296658628551405589', '1296658571068469249', '1195352547621965825', 0, '2020-08-21 12:01:22', '2020-08-21 12:01:22');
INSERT INTO `acl_role_permission` VALUES ('1296658628551405590', '1296658571068469249', '1195353513549205505', 0, '2020-08-21 12:01:22', '2020-08-21 12:01:22');
INSERT INTO `acl_role_permission` VALUES ('1296658628551405591', '1296658571068469249', '1195352856645701633', 0, '2020-08-21 12:01:22', '2020-08-21 12:01:22');
INSERT INTO `acl_role_permission` VALUES ('1296658628551405592', '1296658571068469249', '1195352909401657346', 0, '2020-08-21 12:01:22', '2020-08-21 12:01:22');
INSERT INTO `acl_role_permission` VALUES ('1296658628551405593', '1296658571068469249', '1195353051395624961', 0, '2020-08-21 12:01:22', '2020-08-21 12:01:22');
INSERT INTO `acl_role_permission` VALUES ('1296658628551405594', '1296658571068469249', '1195353672110673921', 0, '2020-08-21 12:01:22', '2020-08-21 12:01:22');
INSERT INTO `acl_role_permission` VALUES ('1296658628551405595', '1296658571068469249', '1195354076890370050', 0, '2020-08-21 12:01:22', '2020-08-21 12:01:22');
INSERT INTO `acl_role_permission` VALUES ('1296658628551405596', '1296658571068469249', '1195354153482555393', 0, '2020-08-21 12:01:22', '2020-08-21 12:01:22');
INSERT INTO `acl_role_permission` VALUES ('1296658631705522177', '1296658571068469249', '1195354315093282817', 0, '2020-08-21 12:01:23', '2020-08-21 12:01:23');

-- ----------------------------
-- Table structure for acl_user
-- ----------------------------
DROP TABLE IF EXISTS `acl_user`;
CREATE TABLE `acl_user`  (
  `id` char(19) CHARACTER SET utf8mb4 COLLATE utf8mb4_0900_ai_ci NOT NULL COMMENT '会员id',
  `username` varchar(20) CHARACTER SET utf8mb4 COLLATE utf8mb4_0900_ai_ci NOT NULL DEFAULT '' COMMENT '微信openid',
  `password` varchar(32) CHARACTER SET utf8mb4 COLLATE utf8mb4_0900_ai_ci NOT NULL DEFAULT '' COMMENT '密码',
  `nick_name` varchar(50) CHARACTER SET utf8mb4 COLLATE utf8mb4_0900_ai_ci NULL DEFAULT NULL COMMENT '昵称',
  `salt` varchar(255) CHARACTER SET utf8mb4 COLLATE utf8mb4_0900_ai_ci NULL DEFAULT NULL COMMENT '用户头像',
  `token` varchar(100) CHARACTER SET utf8mb4 COLLATE utf8mb4_0900_ai_ci NULL DEFAULT NULL COMMENT '用户签名',
  `is_deleted` tinyint UNSIGNED NOT NULL DEFAULT 0 COMMENT '逻辑删除 1（true）已删除， 0（false）未删除',
  `gmt_create` datetime NOT NULL COMMENT '创建时间',
  `gmt_modified` datetime NOT NULL COMMENT '更新时间',
  PRIMARY KEY (`id`) USING BTREE,
  UNIQUE INDEX `uk_username`(`username` ASC) USING BTREE
) ENGINE = InnoDB CHARACTER SET = utf8mb4 COLLATE = utf8mb4_0900_ai_ci COMMENT = '用户表' ROW_FORMAT = Dynamic;

-- ----------------------------
-- Records of acl_user
-- ----------------------------
INSERT INTO `acl_user` VALUES ('1', 'admin', '96e79218965eb72c92a549dd5a330112', 'admin', '', NULL, 0, '2019-11-01 10:39:47', '2019-11-01 10:39:47');
INSERT INTO `acl_user` VALUES ('1296657852869406722', 'yang', '96e79218965eb72c92a549dd5a330112', '龙达达', NULL, NULL, 0, '2020-08-21 11:58:18', '2020-08-21 11:58:18');
INSERT INTO `acl_user` VALUES ('1296658810076688386', 'long', '96e79218965eb72c92a549dd5a330112', '龙达达1', NULL, NULL, 0, '2020-08-21 12:02:06', '2020-08-21 12:02:06');

-- ----------------------------
-- Table structure for acl_user_role
-- ----------------------------
DROP TABLE IF EXISTS `acl_user_role`;
CREATE TABLE `acl_user_role`  (
  `id` char(19) CHARACTER SET utf8 COLLATE utf8_general_ci NOT NULL DEFAULT '' COMMENT '主键id',
  `role_id` char(19) CHARACTER SET utf8 COLLATE utf8_general_ci NOT NULL DEFAULT '0' COMMENT '角色id',
  `user_id` char(19) CHARACTER SET utf8 COLLATE utf8_general_ci NOT NULL DEFAULT '0' COMMENT '用户id',
  `is_deleted` tinyint UNSIGNED NOT NULL DEFAULT 0 COMMENT '逻辑删除 1（true）已删除， 0（false）未删除',
  `gmt_create` datetime NOT NULL COMMENT '创建时间',
  `gmt_modified` datetime NOT NULL COMMENT '更新时间',
  PRIMARY KEY (`id`) USING BTREE,
  INDEX `idx_role_id`(`role_id` ASC) USING BTREE,
  INDEX `idx_user_id`(`user_id` ASC) USING BTREE
) ENGINE = InnoDB CHARACTER SET = utf8 COLLATE = utf8_general_ci ROW_FORMAT = Dynamic;

-- ----------------------------
-- Records of acl_user_role
-- ----------------------------
INSERT INTO `acl_user_role` VALUES ('1', '1', '2', 0, '2019-11-11 13:09:53', '2019-11-11 13:09:53');
INSERT INTO `acl_user_role` VALUES ('1296343056387198977', '1296341621322825729', '1296342997553696769', 0, '2020-08-20 15:07:24', '2020-08-20 15:07:24');
INSERT INTO `acl_user_role` VALUES ('1296657892589465601', '1296656642959503361', '1296657852869406722', 0, '2020-08-21 11:58:27', '2020-08-21 11:58:27');
INSERT INTO `acl_user_role` VALUES ('1296659019410206722', '1296658571068469249', '1296658810076688386', 0, '2020-08-21 12:02:56', '2020-08-21 12:02:56');

-- ----------------------------
-- Table structure for crm_banner
-- ----------------------------
DROP TABLE IF EXISTS `crm_banner`;
CREATE TABLE `crm_banner`  (
  `id` char(19) CHARACTER SET utf8mb4 COLLATE utf8mb4_0900_ai_ci NOT NULL DEFAULT '' COMMENT 'ID',
  `title` varchar(20) CHARACTER SET utf8mb4 COLLATE utf8mb4_0900_ai_ci NULL DEFAULT '' COMMENT '标题',
  `image_url` varchar(500) CHARACTER SET utf8mb4 COLLATE utf8mb4_0900_ai_ci NOT NULL DEFAULT '' COMMENT '图片地址',
  `link_url` varchar(500) CHARACTER SET utf8mb4 COLLATE utf8mb4_0900_ai_ci NULL DEFAULT '' COMMENT '链接地址',
  `sort` int UNSIGNED NOT NULL DEFAULT 0 COMMENT '排序',
  `is_deleted` tinyint UNSIGNED NOT NULL DEFAULT 0 COMMENT '逻辑删除 1（true）已删除， 0（false）未删除',
  `gmt_create` datetime NOT NULL COMMENT '创建时间',
  `gmt_modified` datetime NOT NULL COMMENT '更新时间',
  PRIMARY KEY (`id`) USING BTREE,
  UNIQUE INDEX `uk_name`(`title` ASC) USING BTREE
) ENGINE = InnoDB CHARACTER SET = utf8mb4 COLLATE = utf8mb4_0900_ai_ci COMMENT = '首页banner表' ROW_FORMAT = Dynamic;

-- ----------------------------
-- Records of crm_banner
-- ----------------------------
INSERT INTO `crm_banner` VALUES ('1194556896025845762', 'test1', 'https://online-teach-file.oss-cn-beijing.aliyuncs.com/cms/2019/11/14/297acd3b-b592-4cfb-a446-a28310369675.jpg', '/course', 1, 0, '2019-11-13 18:05:32', '2019-11-18 10:28:22');
INSERT INTO `crm_banner` VALUES ('1194607458461216769', 'test2', 'https://online-teach-file.oss-cn-beijing.aliyuncs.com/cms/2019/11/13/8f80790d-d736-4842-a6a4-4dcb0d684d4e.jpg', '/teacher', 2, 0, '2019-11-13 21:26:27', '2019-11-14 09:12:15');

-- ----------------------------
-- Table structure for edu_chapter
-- ----------------------------
DROP TABLE IF EXISTS `edu_chapter`;
CREATE TABLE `edu_chapter`  (
  `id` char(19) CHARACTER SET utf8mb4 COLLATE utf8mb4_0900_ai_ci NOT NULL COMMENT '章节ID',
  `course_id` char(19) CHARACTER SET utf8mb4 COLLATE utf8mb4_0900_ai_ci NOT NULL COMMENT '课程ID',
  `title` varchar(50) CHARACTER SET utf8mb4 COLLATE utf8mb4_0900_ai_ci NOT NULL COMMENT '章节名称',
  `sort` int UNSIGNED NOT NULL DEFAULT 0 COMMENT '显示排序',
  `gmt_create` datetime NOT NULL COMMENT '创建时间',
  `gmt_modified` datetime NOT NULL COMMENT '更新时间',
  PRIMARY KEY (`id`) USING BTREE,
  INDEX `idx_course_id`(`course_id` ASC) USING BTREE
) ENGINE = InnoDB CHARACTER SET = utf8mb4 COLLATE = utf8mb4_0900_ai_ci COMMENT = '课程' ROW_FORMAT = COMPACT;

-- ----------------------------
-- Records of edu_chapter
-- ----------------------------
INSERT INTO `edu_chapter` VALUES ('1294175999164014594', '1294175937918787585', '第一章、什么是艺术', 0, '2020-08-14 15:36:17', '2020-08-14 15:36:17');
INSERT INTO `edu_chapter` VALUES ('1580131982081822721', '1580131925039288322', '第一章 jdk安装', 0, '2022-10-12 17:43:17', '2022-10-12 17:43:17');
INSERT INTO `edu_chapter` VALUES ('1580132313201152002', '1580131925039288322', '第二章 Java是世界上最好的语言', 0, '2022-10-12 17:44:36', '2022-10-12 17:44:36');
INSERT INTO `edu_chapter` VALUES ('1580757995748904962', '1580131925039288322', '第三章 jvm66', 0, '2022-10-14 11:10:50', '2022-10-14 11:10:50');
INSERT INTO `edu_chapter` VALUES ('1580758277698408450', '1580758222849495041', '第一章 什么是MySQL', 0, '2022-10-14 11:11:57', '2022-10-14 11:11:57');
INSERT INTO `edu_chapter` VALUES ('1580758407658917890', '1580758222849495041', '第二章 运行MySQL', 0, '2022-10-14 11:12:28', '2022-10-14 11:12:28');

-- ----------------------------
-- Table structure for edu_comment
-- ----------------------------
DROP TABLE IF EXISTS `edu_comment`;
CREATE TABLE `edu_comment`  (
  `id` char(19) CHARACTER SET utf8mb4 COLLATE utf8mb4_0900_ai_ci NOT NULL COMMENT '讲师ID',
  `course_id` varchar(19) CHARACTER SET utf8mb4 COLLATE utf8mb4_0900_ai_ci NOT NULL DEFAULT '' COMMENT '课程id',
  `teacher_id` char(19) CHARACTER SET utf8mb4 COLLATE utf8mb4_0900_ai_ci NOT NULL DEFAULT '' COMMENT '讲师id',
  `member_id` varchar(19) CHARACTER SET utf8mb4 COLLATE utf8mb4_0900_ai_ci NOT NULL DEFAULT '' COMMENT '会员id',
  `nickname` varchar(50) CHARACTER SET utf8mb4 COLLATE utf8mb4_0900_ai_ci NULL DEFAULT NULL COMMENT '会员昵称',
  `avatar` varchar(255) CHARACTER SET utf8mb4 COLLATE utf8mb4_0900_ai_ci NULL DEFAULT NULL COMMENT '会员头像',
  `content` varchar(500) CHARACTER SET utf8mb4 COLLATE utf8mb4_0900_ai_ci NULL DEFAULT NULL COMMENT '评论内容',
  `is_deleted` tinyint UNSIGNED NOT NULL DEFAULT 0 COMMENT '逻辑删除 1（true）已删除， 0（false）未删除',
  `gmt_create` datetime NOT NULL COMMENT '创建时间',
  `gmt_modified` datetime NOT NULL COMMENT '更新时间',
  PRIMARY KEY (`id`) USING BTREE,
  INDEX `idx_course_id`(`course_id` ASC) USING BTREE,
  INDEX `idx_teacher_id`(`teacher_id` ASC) USING BTREE,
  INDEX `idx_member_id`(`member_id` ASC) USING BTREE
) ENGINE = InnoDB CHARACTER SET = utf8mb4 COLLATE = utf8mb4_0900_ai_ci COMMENT = '评论' ROW_FORMAT = Dynamic;

-- ----------------------------
-- Records of edu_comment
-- ----------------------------
INSERT INTO `edu_comment` VALUES ('1580246536195440642', '1580131925039288322', '1580131331616575489', '1579754228252520449', '王顺', 'http://qzapp.qlogo.cn/qzapp/101983660/4697C6ECF9F91EBE2FF983A6D03F536D/100', '1111', 0, '2022-10-13 01:18:28', '2022-10-13 01:18:28');
INSERT INTO `edu_comment` VALUES ('1580436558903283714', '1580131925039288322', '1580131331616575489', '1579754228252520449', '王顺', 'http://qzapp.qlogo.cn/qzapp/101983660/4697C6ECF9F91EBE2FF983A6D03F536D/100', '', 0, '2022-10-13 13:53:33', '2022-10-13 13:53:33');

-- ----------------------------
-- Table structure for edu_course
-- ----------------------------
DROP TABLE IF EXISTS `edu_course`;
CREATE TABLE `edu_course`  (
  `id` char(19) CHARACTER SET utf8mb4 COLLATE utf8mb4_0900_ai_ci NOT NULL COMMENT '课程ID',
  `teacher_id` char(19) CHARACTER SET utf8mb4 COLLATE utf8mb4_0900_ai_ci NOT NULL COMMENT '课程讲师ID',
  `subject_id` char(19) CHARACTER SET utf8mb4 COLLATE utf8mb4_0900_ai_ci NOT NULL COMMENT '课程专业ID',
  `subject_parent_id` varchar(40) CHARACTER SET utf8 COLLATE utf8_general_ci NULL DEFAULT NULL,
  `title` varchar(50) CHARACTER SET utf8mb4 COLLATE utf8mb4_0900_ai_ci NOT NULL COMMENT '课程标题',
  `price` decimal(10, 2) UNSIGNED NOT NULL DEFAULT 0.00 COMMENT '课程销售价格，设置为0则可免费观看',
  `lesson_num` int UNSIGNED NOT NULL DEFAULT 0 COMMENT '总课时',
  `cover` varchar(255) CHARACTER SET utf8 COLLATE utf8_general_ci NOT NULL COMMENT '课程封面图片路径',
  `buy_count` bigint UNSIGNED NOT NULL DEFAULT 0 COMMENT '销售数量',
  `view_count` bigint UNSIGNED NOT NULL DEFAULT 0 COMMENT '浏览数量',
  `version` bigint UNSIGNED NOT NULL DEFAULT 1 COMMENT '乐观锁',
  `status` varchar(10) CHARACTER SET utf8mb4 COLLATE utf8mb4_0900_ai_ci NOT NULL DEFAULT 'Draft' COMMENT '课程状态 Draft未发布  Normal已发布',
  `is_deleted` tinyint NULL DEFAULT 0 COMMENT '逻辑删除 1（true）已删除， 0（false）未删除',
  `gmt_create` datetime NOT NULL COMMENT '创建时间',
  `gmt_modified` datetime NOT NULL COMMENT '更新时间',
  PRIMARY KEY (`id`) USING BTREE,
  INDEX `idx_title`(`title` ASC) USING BTREE,
  INDEX `idx_subject_id`(`subject_id` ASC) USING BTREE,
  INDEX `idx_teacher_id`(`teacher_id` ASC) USING BTREE
) ENGINE = InnoDB CHARACTER SET = utf8mb4 COLLATE = utf8mb4_0900_ai_ci COMMENT = '课程' ROW_FORMAT = COMPACT;

-- ----------------------------
-- Records of edu_course
-- ----------------------------
INSERT INTO `edu_course` VALUES ('1580131925039288322', '1580131331616575489', '1293200126730330114', '1293200126705164289', 'Java从入门到入土', 0.01, 100, 'http://icatw-blog.oss-cn-beijing.aliyuncs.com/config/dde3c71e642f112140ce6ec3797bbf27.jpg', 1, 59, 1, 'Normal', 0, '2022-10-12 17:43:03', '2022-10-14 11:10:10');
INSERT INTO `edu_course` VALUES ('1580758222849495041', '1580131580351385601', '1293200126810021889', '1293200126793244674', 'MySQL高级调优', 0.01, 717, 'http://icatw-blog.oss-cn-beijing.aliyuncs.com/config/dde3c71e642f112140ce6ec3797bbf27.jpg', 0, 2, 1, 'Normal', 0, '2022-10-14 11:11:44', '2022-10-14 11:13:14');

-- ----------------------------
-- Table structure for edu_course_collect
-- ----------------------------
DROP TABLE IF EXISTS `edu_course_collect`;
CREATE TABLE `edu_course_collect`  (
  `id` char(19) CHARACTER SET utf8mb4 COLLATE utf8mb4_0900_ai_ci NOT NULL COMMENT '收藏ID',
  `course_id` char(19) CHARACTER SET utf8mb4 COLLATE utf8mb4_0900_ai_ci NOT NULL COMMENT '课程讲师ID',
  `member_id` char(19) CHARACTER SET utf8mb4 COLLATE utf8mb4_0900_ai_ci NOT NULL DEFAULT '' COMMENT '课程专业ID',
  `is_deleted` tinyint NOT NULL DEFAULT 0 COMMENT '逻辑删除 1（true）已删除， 0（false）未删除',
  `gmt_create` datetime NOT NULL COMMENT '创建时间',
  `gmt_modified` datetime NOT NULL COMMENT '更新时间',
  PRIMARY KEY (`id`) USING BTREE
) ENGINE = InnoDB CHARACTER SET = utf8mb4 COLLATE = utf8mb4_0900_ai_ci COMMENT = '课程收藏' ROW_FORMAT = COMPACT;

-- ----------------------------
-- Records of edu_course_collect
-- ----------------------------
INSERT INTO `edu_course_collect` VALUES ('1196269345666019330', '1192252213659774977', '1', 1, '2019-11-18 11:30:12', '2019-11-18 11:30:12');

-- ----------------------------
-- Table structure for edu_course_description
-- ----------------------------
DROP TABLE IF EXISTS `edu_course_description`;
CREATE TABLE `edu_course_description`  (
  `id` char(19) CHARACTER SET utf8mb4 COLLATE utf8mb4_0900_ai_ci NOT NULL COMMENT '课程ID',
  `description` text CHARACTER SET utf8mb4 COLLATE utf8mb4_0900_ai_ci NULL COMMENT '课程简介',
  `gmt_create` datetime NOT NULL COMMENT '创建时间',
  `gmt_modified` datetime NOT NULL COMMENT '更新时间',
  PRIMARY KEY (`id`) USING BTREE
) ENGINE = InnoDB CHARACTER SET = utf8mb4 COLLATE = utf8mb4_0900_ai_ci COMMENT = '课程简介' ROW_FORMAT = Dynamic;

-- ----------------------------
-- Records of edu_course_description
-- ----------------------------
INSERT INTO `edu_course_description` VALUES ('1294175937918787585', '<p>发现艺术，发现美</p>', '2020-08-14 15:36:03', '2020-08-14 15:36:03');
INSERT INTO `edu_course_description` VALUES ('1580131925039288322', '<p>Java从入门到入土，学完直接年薪百万！</p>', '2022-10-12 17:43:03', '2022-10-12 17:43:03');
INSERT INTO `edu_course_description` VALUES ('1580758222849495041', '<p>MySQL高级性能调优</p>', '2022-10-14 11:11:44', '2022-10-14 11:11:44');

-- ----------------------------
-- Table structure for edu_subject
-- ----------------------------
DROP TABLE IF EXISTS `edu_subject`;
CREATE TABLE `edu_subject`  (
  `id` char(19) CHARACTER SET utf8mb4 COLLATE utf8mb4_0900_ai_ci NULL DEFAULT NULL COMMENT '课程类别ID',
  `title` varchar(10) CHARACTER SET utf8mb4 COLLATE utf8mb4_0900_ai_ci NOT NULL COMMENT '类别名称',
  `parent_id` char(19) CHARACTER SET utf8mb4 COLLATE utf8mb4_0900_ai_ci NOT NULL DEFAULT '0' COMMENT '父ID',
  `sort` int UNSIGNED NOT NULL DEFAULT 0 COMMENT '排序字段',
  `gmt_create` datetime NOT NULL COMMENT '创建时间',
  `gmt_modified` datetime NOT NULL COMMENT '更新时间',
  INDEX `idx_parent_id`(`parent_id` ASC) USING BTREE
) ENGINE = InnoDB CHARACTER SET = utf8mb4 COLLATE = utf8mb4_0900_ai_ci COMMENT = '课程科目' ROW_FORMAT = COMPACT;

-- ----------------------------
-- Records of edu_subject
-- ----------------------------
INSERT INTO `edu_subject` VALUES ('1293200126289928194', '前端开发', '0', 0, '2020-08-11 22:58:31', '2020-08-11 22:58:31');
INSERT INTO `edu_subject` VALUES ('1293200126319288322', 'vue', '1293200126289928194', 0, '2020-08-11 22:58:31', '2020-08-11 22:58:31');
INSERT INTO `edu_subject` VALUES ('1293200126365425666', 'JavaScript', '1293200126289928194', 0, '2020-08-11 22:58:31', '2020-08-11 22:58:31');
INSERT INTO `edu_subject` VALUES ('1293200126688387074', 'JQuery', '1293200126289928194', 0, '2020-08-11 22:58:31', '2020-08-11 22:58:31');
INSERT INTO `edu_subject` VALUES ('1293200126705164289', '后端开发', '0', 0, '2020-08-11 22:58:31', '2020-08-11 22:58:31');
INSERT INTO `edu_subject` VALUES ('1293200126730330114', 'java', '1293200126705164289', 0, '2020-08-11 22:58:31', '2020-08-11 22:58:31');
INSERT INTO `edu_subject` VALUES ('1293200126772273153', 'c++', '1293200126705164289', 0, '2020-08-11 22:58:31', '2020-08-11 22:58:31');
INSERT INTO `edu_subject` VALUES ('1293200126793244674', '数据库开发', '0', 0, '2020-08-11 22:58:31', '2020-08-11 22:58:31');
INSERT INTO `edu_subject` VALUES ('1293200126810021889', 'mysql', '1293200126793244674', 0, '2020-08-11 22:58:31', '2020-08-11 22:58:31');
INSERT INTO `edu_subject` VALUES ('1573898760872296449', '测试分类添加', '1293200126705164289', 0, '2022-09-25 12:54:41', '2022-09-25 12:54:41');

-- ----------------------------
-- Table structure for edu_teacher
-- ----------------------------
DROP TABLE IF EXISTS `edu_teacher`;
CREATE TABLE `edu_teacher`  (
  `id` char(19) CHARACTER SET utf8mb4 COLLATE utf8mb4_0900_ai_ci NOT NULL COMMENT '讲师ID',
  `name` varchar(20) CHARACTER SET utf8mb4 COLLATE utf8mb4_0900_ai_ci NOT NULL COMMENT '讲师姓名',
  `intro` varchar(500) CHARACTER SET utf8mb4 COLLATE utf8mb4_0900_ai_ci NOT NULL DEFAULT '' COMMENT '讲师简介',
  `career` varchar(500) CHARACTER SET utf8mb4 COLLATE utf8mb4_0900_ai_ci NULL DEFAULT NULL COMMENT '讲师资历,一句话说明讲师',
  `level` int UNSIGNED NOT NULL COMMENT '头衔 1高级讲师 2首席讲师',
  `avatar` varchar(255) CHARACTER SET utf8mb4 COLLATE utf8mb4_0900_ai_ci NULL DEFAULT NULL COMMENT '讲师头像',
  `sort` int UNSIGNED NOT NULL DEFAULT 0 COMMENT '排序',
  `is_deleted` tinyint UNSIGNED NOT NULL DEFAULT 0 COMMENT '逻辑删除 1（true）已删除， 0（false）未删除',
  `gmt_create` datetime NOT NULL COMMENT '创建时间',
  `gmt_modified` datetime NOT NULL COMMENT '更新时间',
  PRIMARY KEY (`id`) USING BTREE,
  UNIQUE INDEX `uk_name`(`name` ASC) USING BTREE
) ENGINE = InnoDB CHARACTER SET = utf8mb4 COLLATE = utf8mb4_0900_ai_ci COMMENT = '讲师' ROW_FORMAT = Dynamic;

-- ----------------------------
-- Records of edu_teacher
-- ----------------------------
INSERT INTO `edu_teacher` VALUES ('1580131331616575489', '王顺', '资深项目经理、技术讲师、SUN SCJP、SCWCD、原工信部移动云计算教育培训中心教学总监。 十年软件开发经验：参与完成辽宁某高校远程教学管理系统、慧文信息门户系统、日本麦卡尔超市管理系统、崎玉市外来人口登记系统、深海视频会议管理系统、仙台市宫城县日常事务系统等项目的设计和开发。 十年软件培训经验：曾在中国AOP全球外包排名第一的公司任Java、Oracle培训讲师、负责对公司员工新技术培训；曾任花旗银行特约JavaEE培训讲师；某部队研究所JavaEE培训；曾受聘为北航、厦门大学移动云计算专业教学主任， 并主讲Java、Android、iOS课程。', '资深项目经理、技术讲师、SUN SCJP、SCWCD、原工信部移动云计算教育培训中心教学总监。 十年软件开发经验：参与完成辽宁某高校远程教学管理系统、慧文信息门户系统、日本麦卡尔超市管理系统、崎玉市外来人口登记系统、深海视频会议管理系统、仙台市宫城县日常事务系统等项目的设计和开发。 十年软件培训经验：曾在中国AOP全球外包排名第一的公司任Java、Oracle培训讲师、负责对公司员工新技术培训；曾任花旗银行特约JavaEE培训讲师；某部队研究所JavaEE培训；曾受聘为北航、厦门大学移动云计算专业教学主任， 并主讲Java、Android、iOS课程。', 2, 'https://icatw-guli-edu.oss-cn-hangzhou.aliyuncs.com/2022/10/12/cf836492260a49a498cd67e9dfcb90f4file.png', 0, 0, '2022-10-12 17:40:42', '2022-10-12 17:40:42');
INSERT INTO `edu_teacher` VALUES ('1580131580351385601', '薛之谦', '从业近二十年，曾任即时Linux研究院副院长、PHPChina技术总监等职，国内早期的UNIX/Linux从业者，中国UNIX用户协会成员，首批红旗Linux认证讲师。先后出版过《UNIX系统管理实用教程》、《Sun Solaris 8系统管理员指南》、《PHP5项目开发实战详解》、《完美应用Ubuntu》、《细说Linux系统管理》等多本计算机技术图书，国内多所大学特聘讲师，猎聘特邀讲师。近年来致力于Linux开源技术推广及职业教育，录制的Linux视频教程是无数从业者的入门宝典，出版的就业指导图书《明哥聊求职》广受好评，曾作客BTV《书香北京》栏目分享，在中国大学慕课网开设《年轻人的第一堂就业指导课》，2017年明哥聊求职获教育行业优秀自媒体奖，全网粉丝近百万。', '从业近二十年，曾任即时Linux研究院副院长、PHPChina技术总监等职，国内早期的UNIX/Linux从业者，中国UNIX用户协会成员，首批红旗Linux认证讲师。先后出版过《UNIX系统管理实用教程》、《Sun Solaris 8系统管理员指南》、《PHP5项目开发实战详解》、《完美应用Ubuntu》、《细说Linux系统管理》等多本计算机技术图书，国内多所大学特聘讲师，猎聘特邀讲师。近年来致力于Linux开源技术推广及职业教育，录制的Linux视频教程是无数从业者的入门宝典，出版的就业指导图书《明哥聊求职》广受好评，曾作客BTV《书香北京》栏目分享，在中国大学慕课网开设《年轻人的第一堂就业指导课》，2017年明哥聊求职获教育行业优秀自媒体奖，全网粉丝近百万。', 1, 'https://icatw-guli-edu.oss-cn-hangzhou.aliyuncs.com/2022/10/12/cd68e92e21cc410b84bd171a44c2002afile.png', 0, 0, '2022-10-12 17:41:41', '2022-10-12 17:41:41');

-- ----------------------------
-- Table structure for edu_video
-- ----------------------------
DROP TABLE IF EXISTS `edu_video`;
CREATE TABLE `edu_video`  (
  `id` char(19) CHARACTER SET utf8mb4 COLLATE utf8mb4_0900_ai_ci NOT NULL COMMENT '视频ID',
  `course_id` char(19) CHARACTER SET utf8mb4 COLLATE utf8mb4_0900_ai_ci NOT NULL COMMENT '课程ID',
  `chapter_id` char(19) CHARACTER SET utf8mb4 COLLATE utf8mb4_0900_ai_ci NOT NULL COMMENT '章节ID',
  `title` varchar(50) CHARACTER SET utf8mb4 COLLATE utf8mb4_0900_ai_ci NOT NULL COMMENT '节点名称',
  `video_source_id` varchar(100) CHARACTER SET utf8mb4 COLLATE utf8mb4_0900_ai_ci NULL DEFAULT NULL COMMENT '云端视频资源',
  `video_original_name` varchar(100) CHARACTER SET utf8mb4 COLLATE utf8mb4_0900_ai_ci NULL DEFAULT NULL COMMENT '原始文件名称',
  `sort` int UNSIGNED NOT NULL DEFAULT 0 COMMENT '排序字段',
  `play_count` bigint UNSIGNED NOT NULL DEFAULT 0 COMMENT '播放次数',
  `is_free` tinyint UNSIGNED NOT NULL DEFAULT 0 COMMENT '是否可以试听：0收费 1免费',
  `duration` float NOT NULL DEFAULT 0 COMMENT '视频时长（秒）',
  `status` varchar(20) CHARACTER SET utf8mb4 COLLATE utf8mb4_0900_ai_ci NOT NULL DEFAULT 'Empty' COMMENT 'Empty未上传 Transcoding转码中  Normal正常',
  `size` bigint UNSIGNED NOT NULL DEFAULT 0 COMMENT '视频源文件大小（字节）',
  `version` bigint UNSIGNED NOT NULL DEFAULT 1 COMMENT '乐观锁',
  `gmt_create` datetime NOT NULL COMMENT '创建时间',
  `gmt_modified` datetime NOT NULL COMMENT '更新时间',
  PRIMARY KEY (`id`) USING BTREE,
  INDEX `idx_course_id`(`course_id` ASC) USING BTREE,
  INDEX `idx_chapter_id`(`chapter_id` ASC) USING BTREE
) ENGINE = InnoDB CHARACTER SET = utf8mb4 COLLATE = utf8mb4_0900_ai_ci COMMENT = '课程视频' ROW_FORMAT = COMPACT;

-- ----------------------------
-- Records of edu_video
-- ----------------------------
INSERT INTO `edu_video` VALUES ('1', '1294175937918787585', '1294175999164014594', '艺术的起源', 'fedcdb5027c5428ba29b93f7ef7c7a93', '', 0, 0, 0, 0, 'Empty', 0, 1, '2020-08-14 15:36:57', '2020-08-14 15:36:57');
INSERT INTO `edu_video` VALUES ('1294176165854044162', '1294175937918787585', '1294175999164014594', '艺术的起源', '851d386575034d1aa196f35525f9ad72', NULL, 0, 0, 0, 0, 'Empty', 0, 1, '2020-08-14 15:36:57', '2020-08-14 15:36:57');
INSERT INTO `edu_video` VALUES ('1294176222691057665', '1294175937918787585', '1294175999164014594', '艺术的发展过程', '851d386575034d1aa196f35525f9ad72', NULL, 0, 0, 0, 0, 'Empty', 0, 1, '2020-08-14 15:37:11', '2020-08-14 15:37:11');
INSERT INTO `edu_video` VALUES ('1580132201385201665', '1580131925039288322', '1580132313201152002', '第一节 Java牛逼', 'e21ffe38d025428994988a26d9b012e7', '6 - What If I Want to Move Faster.mp4', 0, 0, 0, 0, 'Empty', 0, 1, '2022-10-12 17:44:09', '2022-10-12 17:52:13');
INSERT INTO `edu_video` VALUES ('1580134457165778946', '1580131925039288322', '1580132313201152002', '第二节 Java666', 'e603a3c2f5a2463dbbf47ae281077b0a', '6 - What If I Want to Move Faster.mp4', 0, 0, 0, 0, 'Empty', 0, 1, '2022-10-12 17:53:07', '2022-10-12 17:53:07');
INSERT INTO `edu_video` VALUES ('1580758017764806657', '1580131925039288322', '1580757995748904962', '111', '', NULL, 0, 0, 0, 0, 'Empty', 0, 1, '2022-10-14 11:10:55', '2022-10-14 11:10:55');
INSERT INTO `edu_video` VALUES ('1580758360905011201', '1580758222849495041', '1580758277698408450', '第一节 安装MySQL', '49371230eef94a63b5cddbb62d6ff88f', '6 - What If I Want to Move Faster.mp4', 0, 0, 0, 0, 'Empty', 0, 1, '2022-10-14 11:12:17', '2022-10-14 11:12:17');
INSERT INTO `edu_video` VALUES ('1580758505767882753', '1580758222849495041', '1580758407658917890', '第二节 select * from stu', '', '6 - What If I Want to Move Faster.mp4', 0, 0, 0, 0, 'Empty', 0, 1, '2022-10-14 11:12:52', '2022-10-14 11:12:52');

-- ----------------------------
-- Table structure for statistics_daily
-- ----------------------------
DROP TABLE IF EXISTS `statistics_daily`;
CREATE TABLE `statistics_daily`  (
  `id` char(19) CHARACTER SET utf8 COLLATE utf8_general_ci NOT NULL COMMENT '主键',
  `date_calculated` varchar(20) CHARACTER SET utf8 COLLATE utf8_general_ci NOT NULL COMMENT '统计日期',
  `register_num` int NOT NULL DEFAULT 0 COMMENT '注册人数',
  `login_num` int NOT NULL DEFAULT 0 COMMENT '登录人数',
  `video_view_num` int NOT NULL DEFAULT 0 COMMENT '每日播放视频数',
  `course_num` int NOT NULL DEFAULT 0 COMMENT '每日新增课程数',
  `gmt_create` datetime NOT NULL COMMENT '创建时间',
  `gmt_modified` datetime NOT NULL COMMENT '更新时间',
  PRIMARY KEY (`id`) USING BTREE,
  INDEX `statistics_day`(`date_calculated` ASC) USING BTREE
) ENGINE = InnoDB CHARACTER SET = utf8 COLLATE = utf8_general_ci COMMENT = '网站统计日数据' ROW_FORMAT = Dynamic;

-- ----------------------------
-- Records of statistics_daily
-- ----------------------------
INSERT INTO `statistics_daily` VALUES ('1580492414227386369', '2022-10-12', 2, 195, 145, 148, '2022-10-13 17:35:30', '2022-10-13 17:35:30');

-- ----------------------------
-- Table structure for t_order
-- ----------------------------
DROP TABLE IF EXISTS `t_order`;
CREATE TABLE `t_order`  (
  `id` char(19) CHARACTER SET utf8mb4 COLLATE utf8mb4_0900_ai_ci NOT NULL DEFAULT '',
  `order_no` varchar(20) CHARACTER SET utf8mb4 COLLATE utf8mb4_0900_ai_ci NOT NULL DEFAULT '' COMMENT '订单号',
  `course_id` varchar(19) CHARACTER SET utf8mb4 COLLATE utf8mb4_0900_ai_ci NOT NULL DEFAULT '' COMMENT '课程id',
  `course_title` varchar(100) CHARACTER SET utf8mb4 COLLATE utf8mb4_0900_ai_ci NULL DEFAULT NULL COMMENT '课程名称',
  `course_cover` varchar(255) CHARACTER SET utf8mb4 COLLATE utf8mb4_0900_ai_ci NULL DEFAULT NULL COMMENT '课程封面',
  `teacher_name` varchar(20) CHARACTER SET utf8mb4 COLLATE utf8mb4_0900_ai_ci NULL DEFAULT NULL COMMENT '讲师名称',
  `member_id` varchar(19) CHARACTER SET utf8mb4 COLLATE utf8mb4_0900_ai_ci NOT NULL DEFAULT '' COMMENT '会员id',
  `nickname` varchar(50) CHARACTER SET utf8mb4 COLLATE utf8mb4_0900_ai_ci NULL DEFAULT NULL COMMENT '会员昵称',
  `mobile` varchar(11) CHARACTER SET utf8mb4 COLLATE utf8mb4_0900_ai_ci NULL DEFAULT NULL COMMENT '会员手机',
  `total_fee` decimal(10, 2) NULL DEFAULT 0.01 COMMENT '订单金额（分）',
  `pay_type` tinyint NULL DEFAULT NULL COMMENT '支付类型（1：微信 2：支付宝）',
  `status` tinyint NULL DEFAULT NULL COMMENT '订单状态（0：未支付 1：已支付）',
  `is_deleted` tinyint UNSIGNED NOT NULL DEFAULT 0 COMMENT '逻辑删除 1（true）已删除， 0（false）未删除',
  `gmt_create` datetime NOT NULL COMMENT '创建时间',
  `gmt_modified` datetime NOT NULL COMMENT '更新时间',
  PRIMARY KEY (`id`) USING BTREE,
  UNIQUE INDEX `ux_order_no`(`order_no` ASC) USING BTREE,
  INDEX `idx_course_id`(`course_id` ASC) USING BTREE,
  INDEX `idx_member_id`(`member_id` ASC) USING BTREE
) ENGINE = InnoDB CHARACTER SET = utf8mb4 COLLATE = utf8mb4_0900_ai_ci COMMENT = '订单' ROW_FORMAT = Dynamic;

-- ----------------------------
-- Records of t_order
-- ----------------------------
INSERT INTO `t_order` VALUES ('1580440767660879874', '20221013141016535', '1580131925039288322', 'Java从入门到入土', 'http://icatw-blog.oss-cn-beijing.aliyuncs.com/config/dde3c71e642f112140ce6ec3797bbf27.jpg', 'test', '1579754228252520449', '王顺', '17374630398', 1.00, 1, 0, 0, '2022-10-13 14:10:17', '2022-10-13 14:10:17');
INSERT INTO `t_order` VALUES ('1580440933625294849', '20221013141056235', '1580131925039288322', 'Java从入门到入土', 'http://icatw-blog.oss-cn-beijing.aliyuncs.com/config/dde3c71e642f112140ce6ec3797bbf27.jpg', 'test', '1579754228252520449', '王顺', '17374630398', 0.01, 1, 1, 0, '2022-10-13 14:10:56', '2022-10-13 14:11:10');
INSERT INTO `t_order` VALUES ('1580441796615991297', '20221013141421530', '1580131925039288322', 'Java从入门到入土', 'http://icatw-blog.oss-cn-beijing.aliyuncs.com/config/dde3c71e642f112140ce6ec3797bbf27.jpg', 'test', '1579754228252520449', '王顺', '17374630398', 0.01, 1, 1, 0, '2022-10-13 14:14:22', '2022-10-13 14:14:37');

-- ----------------------------
-- Table structure for t_pay_log
-- ----------------------------
DROP TABLE IF EXISTS `t_pay_log`;
CREATE TABLE `t_pay_log`  (
  `id` char(19) CHARACTER SET utf8mb4 COLLATE utf8mb4_0900_ai_ci NOT NULL DEFAULT '',
  `order_no` varchar(20) CHARACTER SET utf8mb4 COLLATE utf8mb4_0900_ai_ci NOT NULL DEFAULT '' COMMENT '订单号',
  `pay_time` datetime NULL DEFAULT NULL COMMENT '支付完成时间',
  `total_fee` decimal(10, 2) NULL DEFAULT 0.01 COMMENT '支付金额（分）',
  `transaction_id` varchar(30) CHARACTER SET utf8mb4 COLLATE utf8mb4_0900_ai_ci NULL DEFAULT NULL COMMENT '交易流水号',
  `trade_state` char(20) CHARACTER SET utf8mb4 COLLATE utf8mb4_0900_ai_ci NULL DEFAULT NULL COMMENT '交易状态',
  `pay_type` tinyint NOT NULL DEFAULT 0 COMMENT '支付类型（1：微信 2：支付宝）',
  `attr` text CHARACTER SET utf8mb4 COLLATE utf8mb4_0900_ai_ci NULL COMMENT '其他属性',
  `is_deleted` tinyint UNSIGNED NOT NULL DEFAULT 0 COMMENT '逻辑删除 1（true）已删除， 0（false）未删除',
  `gmt_create` datetime NOT NULL COMMENT '创建时间',
  `gmt_modified` datetime NOT NULL COMMENT '更新时间',
  PRIMARY KEY (`id`) USING BTREE,
  UNIQUE INDEX `uk_order_no`(`order_no` ASC) USING BTREE
) ENGINE = InnoDB CHARACTER SET = utf8mb4 COLLATE = utf8mb4_0900_ai_ci COMMENT = '支付日志表' ROW_FORMAT = Dynamic;

-- ----------------------------
-- Records of t_pay_log
-- ----------------------------
INSERT INTO `t_pay_log` VALUES ('1580441859538939905', '20221013141421530', '2022-10-13 14:14:37', 0.01, '4200001549202210137180062257', 'SUCCESS', 1, '{\"transaction_id\":\"4200001549202210137180062257\",\"nonce_str\":\"Bp1L4cs7sJrOR19n\",\"trade_state\":\"SUCCESS\",\"bank_type\":\"OTHERS\",\"openid\":\"oHwsHuLQ7mc0rb1L0pKKR67MXy-g\",\"sign\":\"4C089D0A515F22CDF71406F29E3A20A8\",\"return_msg\":\"OK\",\"fee_type\":\"CNY\",\"mch_id\":\"1558950191\",\"cash_fee\":\"1\",\"out_trade_no\":\"20221013141421530\",\"cash_fee_type\":\"CNY\",\"appid\":\"wx74862e0dfcf69954\",\"total_fee\":\"1\",\"trade_state_desc\":\"支付成功\",\"trade_type\":\"NATIVE\",\"result_code\":\"SUCCESS\",\"attach\":\"\",\"time_end\":\"20221013141434\",\"is_subscribe\":\"N\",\"return_code\":\"SUCCESS\"}', 0, '2022-10-13 14:14:37', '2022-10-13 14:14:37');

-- ----------------------------
-- Table structure for ucenter_member
-- ----------------------------
DROP TABLE IF EXISTS `ucenter_member`;
CREATE TABLE `ucenter_member`  (
  `id` char(19) CHARACTER SET utf8mb4 COLLATE utf8mb4_0900_ai_ci NOT NULL COMMENT '会员id',
  `openid` varchar(128) CHARACTER SET utf8mb4 COLLATE utf8mb4_0900_ai_ci NULL DEFAULT NULL COMMENT '微信openid',
  `mobile` varchar(11) CHARACTER SET utf8mb4 COLLATE utf8mb4_0900_ai_ci NULL DEFAULT '' COMMENT '手机号',
  `password` varchar(255) CHARACTER SET utf8mb4 COLLATE utf8mb4_0900_ai_ci NULL DEFAULT NULL COMMENT '密码',
  `nickname` varchar(50) CHARACTER SET utf8mb4 COLLATE utf8mb4_0900_ai_ci NULL DEFAULT NULL COMMENT '昵称',
  `sex` tinyint UNSIGNED NULL DEFAULT NULL COMMENT '性别 1 女，2 男',
  `age` tinyint UNSIGNED NULL DEFAULT NULL COMMENT '年龄',
  `avatar` varchar(255) CHARACTER SET utf8mb4 COLLATE utf8mb4_0900_ai_ci NULL DEFAULT NULL COMMENT '用户头像',
  `sign` varchar(100) CHARACTER SET utf8mb4 COLLATE utf8mb4_0900_ai_ci NULL DEFAULT NULL COMMENT '用户签名',
  `is_disabled` tinyint(1) NOT NULL DEFAULT 0 COMMENT '是否禁用 1（true）已禁用，  0（false）未禁用',
  `is_deleted` tinyint(1) NOT NULL DEFAULT 0 COMMENT '逻辑删除 1（true）已删除， 0（false）未删除',
  `gmt_create` datetime NOT NULL COMMENT '创建时间',
  `gmt_modified` datetime NOT NULL COMMENT '更新时间',
  PRIMARY KEY (`id`) USING BTREE
) ENGINE = InnoDB CHARACTER SET = utf8mb4 COLLATE = utf8mb4_0900_ai_ci COMMENT = '会员表' ROW_FORMAT = Dynamic;

-- ----------------------------
-- Records of ucenter_member
-- ----------------------------
INSERT INTO `ucenter_member` VALUES ('1579754228252520449', NULL, '17374630398', '96e79218965eb72c92a549dd5a330112', '王顺', NULL, NULL, 'http://qzapp.qlogo.cn/qzapp/101983660/4697C6ECF9F91EBE2FF983A6D03F536D/100', NULL, 0, 0, '2022-10-11 16:42:13', '2022-10-11 16:42:13');
INSERT INTO `ucenter_member` VALUES ('1580017963936329729', 'o3_SC51r7_UueCG6PGoLnRRVlyAU', '', NULL, '常', NULL, NULL, 'https://thirdwx.qlogo.cn/mmopen/vi_32/scqYuwYM7IP0iaoqicToVxCY0F8JW8HB7iamSEd5SXTrWzYK7acXFEWmbGulzbqBbibGKibILvYZHpoxVZFFpHfMTiaA/132', NULL, 0, 0, '2022-10-12 10:10:13', '2022-10-12 10:10:13');
INSERT INTO `ucenter_member` VALUES ('1580070543706136577', '10142330', '', NULL, 'icatw', NULL, NULL, 'https://portrait.gitee.com/uploads/avatars/user/3380/10142330_icatw_1646491228.png', NULL, 0, 0, '2022-10-12 13:39:09', '2022-10-12 13:39:09');

SET FOREIGN_KEY_CHECKS = 1;
